<?xml version="1.0" encoding="UTF-8"?>
<faces-config
    xmlns="http://xmlns.jcp.org/xml/ns/javaee"
    xmlns:xsi="http://www.w3.org/2001/XMLSchema-instance"
    xsi:schemaLocation="http://xmlns.jcp.org/xml/ns/javaee http://xmlns.jcp.org/xml/ns/javaee/web-facesconfig_2_3.xsd"
    version="2.3">


    <!-- Define Managed Beans -->
    
    <managed-bean>  
		<managed-bean-name>hellobean</managed-bean-name>  
		<managed-bean-class>com.hello.world.Hello</managed-bean-class>  
		<managed-bean-scope>request</managed-bean-scope>  
	</managed-bean>  
    
    <!-- Navigation rules -->
   <navigation-rule>
		<from-view-id>/pages/index.xhtml</from-view-id>
		<navigation-case>
			<from-outcome>success</from-outcome>
			<to-view-id>/pages/welcome.xhtml</to-view-id>
		</navigation-case>
	</navigation-rule>
    
    
    <navigation-rule>
		<from-view-id>/pages/welcome.xhtml</from-view-id>
		<navigation-case>
			<from-outcome>back</from-outcome>
			<to-view-id>/pages/index.xhtml</to-view-id>
		</navigation-case>
	</navigation-rule>
	
	
	
    <!-- Register JSF Convertors -->
    
    
    
    
    <!-- Register JSF Validators -->
    
    
</faces-config>
